parlimen,penggal,mesyuarat,sesi,url,path
Parlimen Kelima Belas (2022 - Sekarang),Penggal Pertama,Mesyuarat Pertama (19/12/2022 - 20/12/2022),"[datetime.datetime(2022, 12, 19, 0, 0), datetime.datetime(2022, 12, 20, 0, 0)]","['DR-12192022', 'DR-12202022']","['Parlimen Kelima Belas (2022 - Sekarang)', 'Penggal Pertama', 'Mesyuarat Pertama (19/12/2022 - 20/12/2022)']"
Parlimen Keempat Belas (2018 - 2022),Penggal Pertama,Mesyuarat Pertama (16/07/2018 - 16/08/2018),"[datetime.datetime(2018, 7, 16, 0, 0), datetime.datetime(2018, 7, 17, 0, 0), datetime.datetime(2018, 7, 18, 0, 0), datetime.datetime(2018, 7, 19, 0, 0), datetime.datetime(2018, 7, 23, 0, 0), datetime.datetime(2018, 7, 24, 0, 0), datetime.datetime(2018, 7, 25, 0, 0), datetime.datetime(2018, 7, 26, 0, 0), datetime.datetime(2018, 7, 30, 0, 0), datetime.datetime(2018, 7, 31, 0, 0), datetime.datetime(2018, 8, 1, 0, 0), datetime.datetime(2018, 8, 2, 0, 0), datetime.datetime(2018, 8, 6, 0, 0), datetime.datetime(2018, 8, 7, 0, 0), datetime.datetime(2018, 8, 8, 0, 0), datetime.datetime(2018, 8, 9, 0, 0), datetime.datetime(2018, 8, 13, 0, 0), datetime.datetime(2018, 8, 14, 0, 0), datetime.datetime(2018, 8, 15, 0, 0), datetime.datetime(2018, 8, 16, 0, 0)]","['DR-07162018', 'DR-07172018', 'DR-07182018', 'DR-07192018', 'DR-07232018', 'DR-07242018', 'DR-07252018', 'DR-07262018', 'DR-07302018', 'DR-07312018', 'DR-08012018', 'DR-08022018', 'DR-08062018', 'DR-08072018', 'DR-08082018', 'DR-08092018', 'DR-08132018', 'DR-08142018', 'DR-08152018', 'DR-08162018']","['Parlimen Keempat Belas (2018 - 2022)', 'Penggal Pertama', 'Mesyuarat Pertama (16/07/2018 - 16/08/2018)']"
Parlimen Keempat Belas (2018 - 2022),Penggal Pertama,Mesyuarat Kedua (15/10/2018 - 11/12/2018),"[datetime.datetime(2018, 10, 15, 0, 0), datetime.datetime(2018, 10, 16, 0, 0), datetime.datetime(2018, 10, 17, 0, 0), datetime.datetime(2018, 10, 18, 0, 0), datetime.datetime(2018, 10, 22, 0, 0), datetime.datetime(2018, 10, 23, 0, 0), datetime.datetime(2018, 10, 24, 0, 0), datetime.datetime(2018, 10, 25, 0, 0), datetime.datetime(2018, 10, 29, 0, 0), datetime.datetime(2018, 10, 30, 0, 0), datetime.datetime(2018, 10, 31, 0, 0), datetime.datetime(2018, 11, 1, 0, 0), datetime.datetime(2018, 11, 2, 0, 0), datetime.datetime(2018, 11, 12, 0, 0), datetime.datetime(2018, 11, 13, 0, 0), datetime.datetime(2018, 11, 14, 0, 0), datetime.datetime(2018, 11, 15, 0, 0), datetime.datetime(2018, 11, 19, 0, 0), datetime.datetime(2018, 11, 21, 0, 0), datetime.datetime(2018, 11, 22, 0, 0), datetime.datetime(2018, 11, 26, 0, 0), datetime.datetime(2018, 11, 27, 0, 0), datetime.datetime(2018, 11, 28, 0, 0), datetime.datetime(2018, 11, 29, 0, 0), datetime.datetime(2018, 12, 3, 0, 0), datetime.datetime(2018, 12, 4, 0, 0), datetime.datetime(2018, 12, 5, 0, 0), datetime.datetime(2018, 12, 6, 0, 0), datetime.datetime(2018, 12, 10, 0, 0), datetime.datetime(2018, 12, 11, 0, 0)]","['DR-10152018', 'DR-10162018', 'DR-10172018', 'DR-10182018', 'DR-10222018', 'DR-10232018', 'DR-10242018', 'DR-10252018', 'DR-10292018', 'DR-10302018', 'DR-10312018', 'DR-11012018', 'DR-11022018', 'DR-11122018', 'DR-11132018', 'DR-11142018', 'DR-11152018', 'DR-11192018', 'DR-11212018', 'DR-11222018', 'DR-11262018', 'DR-11272018', 'DR-11282018', 'DR-11292018', 'DR-12032018', 'DR-12042018', 'DR-12052018', 'DR-12062018', 'DR-12102018', 'DR-12112018']","['Parlimen Keempat Belas (2018 - 2022)', 'Penggal Pertama', 'Mesyuarat Kedua (15/10/2018 - 11/12/2018)']"
Parlimen Keempat Belas (2018 - 2022),Penggal Kedua,Mesyuarat Pertama (11/03/2019 - 11/04/2019),"[datetime.datetime(2019, 3, 11, 0, 0), datetime.datetime(2019, 3, 12, 0, 0), datetime.datetime(2019, 3, 13, 0, 0), datetime.datetime(2019, 3, 14, 0, 0), datetime.datetime(2019, 3, 18, 0, 0), datetime.datetime(2019, 3, 19, 0, 0), datetime.datetime(2019, 3, 20, 0, 0), datetime.datetime(2019, 3, 21, 0, 0), datetime.datetime(2019, 3, 25, 0, 0), datetime.datetime(2019, 3, 26, 0, 0), datetime.datetime(2019, 3, 27, 0, 0), datetime.datetime(2019, 3, 28, 0, 0), datetime.datetime(2019, 4, 1, 0, 0), datetime.datetime(2019, 4, 2, 0, 0), datetime.datetime(2019, 4, 3, 0, 0), datetime.datetime(2019, 4, 4, 0, 0), datetime.datetime(2019, 4, 8, 0, 0), datetime.datetime(2019, 4, 9, 0, 0), datetime.datetime(2019, 4, 10, 0, 0), datetime.datetime(2019, 4, 11, 0, 0)]","['DR-03112019', 'DR-03122019', 'DR-03132019', 'DR-03142019', 'DR-03182019', 'DR-03192019', 'DR-03202019', 'DR-03212019', 'DR-03252019', 'DR-03262019', 'DR-03272019', 'DR-03282019', 'DR-04012019', 'DR-04022019', 'DR-04032019', 'DR-04042019', 'DR-04082019', 'DR-04092019', 'DR-04102019', 'DR-04112019']","['Parlimen Keempat Belas (2018 - 2022)', 'Penggal Kedua', 'Mesyuarat Pertama (11/03/2019 - 11/04/2019)']"
Parlimen Keempat Belas (2018 - 2022),Penggal Kedua,Mesyuarat Kedua (01/07/2019 - 18/07/2019),"[datetime.datetime(2019, 7, 1, 0, 0), datetime.datetime(2019, 7, 2, 0, 0), datetime.datetime(2019, 7, 3, 0, 0), datetime.datetime(2019, 7, 4, 0, 0), datetime.datetime(2019, 7, 8, 0, 0), datetime.datetime(2019, 7, 9, 0, 0), datetime.datetime(2019, 7, 10, 0, 0), datetime.datetime(2019, 7, 11, 0, 0), datetime.datetime(2019, 7, 15, 0, 0), datetime.datetime(2019, 7, 16, 0, 0), datetime.datetime(2019, 7, 17, 0, 0), datetime.datetime(2019, 7, 18, 0, 0)]","['DR-07012019', 'DR-07022019', 'DR-07032019', 'DR-07042019', 'DR-07082019', 'DR-07092019', 'DR-07102019', 'DR-07112019', 'DR-07152019', 'DR-07162019', 'DR-07172019', 'DR-07182019']","['Parlimen Keempat Belas (2018 - 2022)', 'Penggal Kedua', 'Mesyuarat Kedua (01/07/2019 - 18/07/2019)']"
Parlimen Keempat Belas (2018 - 2022),Penggal Kedua,Mesyuarat Ketiga (07/10/2019 - 05/12/2019),"[datetime.datetime(2019, 10, 7, 0, 0), datetime.datetime(2019, 10, 8, 0, 0), datetime.datetime(2019, 10, 9, 0, 0), datetime.datetime(2019, 10, 10, 0, 0), datetime.datetime(2019, 10, 11, 0, 0), datetime.datetime(2019, 10, 14, 0, 0), datetime.datetime(2019, 10, 15, 0, 0), datetime.datetime(2019, 10, 16, 0, 0), datetime.datetime(2019, 10, 17, 0, 0), datetime.datetime(2019, 10, 21, 0, 0), datetime.datetime(2019, 10, 22, 0, 0), datetime.datetime(2019, 10, 23, 0, 0), datetime.datetime(2019, 10, 24, 0, 0), datetime.datetime(2019, 10, 29, 0, 0), datetime.datetime(2019, 10, 30, 0, 0), datetime.datetime(2019, 10, 31, 0, 0), datetime.datetime(2019, 11, 4, 0, 0), datetime.datetime(2019, 11, 5, 0, 0), datetime.datetime(2019, 11, 6, 0, 0), datetime.datetime(2019, 11, 7, 0, 0), datetime.datetime(2019, 11, 11, 0, 0), datetime.datetime(2019, 11, 12, 0, 0), datetime.datetime(2019, 11, 13, 0, 0), datetime.datetime(2019, 11, 14, 0, 0), datetime.datetime(2019, 11, 18, 0, 0), datetime.datetime(2019, 11, 19, 0, 0), datetime.datetime(2019, 11, 20, 0, 0), datetime.datetime(2019, 11, 21, 0, 0), datetime.datetime(2019, 11, 25, 0, 0), datetime.datetime(2019, 11, 26, 0, 0), datetime.datetime(2019, 11, 27, 0, 0), datetime.datetime(2019, 11, 28, 0, 0), datetime.datetime(2019, 12, 2, 0, 0), datetime.datetime(2019, 12, 3, 0, 0), datetime.datetime(2019, 12, 4, 0, 0), datetime.datetime(2019, 12, 5, 0, 0)]","['DR-10072019', 'DR-10082019', 'DR-10092019', 'DR-10102019', 'DR-10112019', 'DR-10142019', 'DR-10152019', 'DR-10162019', 'DR-10172019', 'DR-10212019', 'DR-10222019', 'DR-10232019', 'DR-10242019', 'DR-10292019', 'DR-10302019', 'DR-10312019', 'DR-11042019', 'DR-11052019', 'DR-11062019', 'DR-11072019', 'DR-11112019', 'DR-11122019', 'DR-11132019', 'DR-11142019', 'DR-11182019', 'DR-11192019', 'DR-11202019', 'DR-11212019', 'DR-11252019', 'DR-11262019', 'DR-11272019', 'DR-11282019', 'DR-12022019', 'DR-12032019', 'DR-12042019', 'DR-12052019']","['Parlimen Keempat Belas (2018 - 2022)', 'Penggal Kedua', 'Mesyuarat Ketiga (07/10/2019 - 05/12/2019)']"
Parlimen Keempat Belas (2018 - 2022),Penggal Ketiga,Mesyuarat Khas (26/07/2021 - 29/07/2021),"[datetime.datetime(2021, 7, 26, 0, 0), datetime.datetime(2021, 7, 27, 0, 0), datetime.datetime(2021, 7, 28, 0, 0), datetime.datetime(2021, 7, 29, 0, 0)]","['DR-07262021', 'DR-07272021', 'DR-07282021', 'DR-07292021']","['Parlimen Keempat Belas (2018 - 2022)', 'Penggal Ketiga', 'Mesyuarat Khas (26/07/2021 - 29/07/2021)']"
Parlimen Keempat Belas (2018 - 2022),Penggal Ketiga,Mesyuarat Pertama (18/05/2020 - 18/05/2020),"[datetime.datetime(2020, 5, 18, 0, 0)]",['DR-05182020'],"['Parlimen Keempat Belas (2018 - 2022)', 'Penggal Ketiga', 'Mesyuarat Pertama (18/05/2020 - 18/05/2020)']"
Parlimen Keempat Belas (2018 - 2022),Penggal Ketiga,Mesyuarat Kedua (13/07/2020 - 27/08/2020),"[datetime.datetime(2020, 7, 13, 0, 0), datetime.datetime(2020, 7, 14, 0, 0), datetime.datetime(2020, 7, 15, 0, 0), datetime.datetime(2020, 7, 16, 0, 0), datetime.datetime(2020, 7, 20, 0, 0), datetime.datetime(2020, 7, 21, 0, 0), datetime.datetime(2020, 7, 22, 0, 0), datetime.datetime(2020, 7, 23, 0, 0), datetime.datetime(2020, 7, 27, 0, 0), datetime.datetime(2020, 7, 28, 0, 0), datetime.datetime(2020, 7, 29, 0, 0), datetime.datetime(2020, 8, 3, 0, 0), datetime.datetime(2020, 8, 4, 0, 0), datetime.datetime(2020, 8, 5, 0, 0), datetime.datetime(2020, 8, 6, 0, 0), datetime.datetime(2020, 8, 10, 0, 0), datetime.datetime(2020, 8, 11, 0, 0), datetime.datetime(2020, 8, 12, 0, 0), datetime.datetime(2020, 8, 13, 0, 0), datetime.datetime(2020, 8, 17, 0, 0), datetime.datetime(2020, 8, 18, 0, 0), datetime.datetime(2020, 8, 24, 0, 0), datetime.datetime(2020, 8, 25, 0, 0), datetime.datetime(2020, 8, 26, 0, 0), datetime.datetime(2020, 8, 27, 0, 0)]","['DR-07132020', 'DR-07142020', 'DR-07152020', 'DR-07162020', 'DR-07202020', 'DR-07212020', 'DR-07222020', 'DR-07232020', 'DR-07272020', 'DR-07282020', 'DR-07292020', 'DR-08032020', 'DR-08042020', 'DR-08052020', 'DR-08062020', 'DR-08102020', 'DR-08112020', 'DR-08122020', 'DR-08132020', 'DR-08172020', 'DR-08182020', 'DR-08242020', 'DR-08252020', 'DR-08262020', 'DR-08272020']","['Parlimen Keempat Belas (2018 - 2022)', 'Penggal Ketiga', 'Mesyuarat Kedua (13/07/2020 - 27/08/2020)']"
Parlimen Keempat Belas (2018 - 2022),Penggal Ketiga,Mesyuarat Ketiga (02/11/2020 - 17/12/2020),"[datetime.datetime(2020, 11, 2, 0, 0), datetime.datetime(2020, 11, 3, 0, 0), datetime.datetime(2020, 11, 4, 0, 0), datetime.datetime(2020, 11, 5, 0, 0), datetime.datetime(2020, 11, 6, 0, 0), datetime.datetime(2020, 11, 9, 0, 0), datetime.datetime(2020, 11, 10, 0, 0), datetime.datetime(2020, 11, 11, 0, 0), datetime.datetime(2020, 11, 12, 0, 0), datetime.datetime(2020, 11, 16, 0, 0), datetime.datetime(2020, 11, 17, 0, 0), datetime.datetime(2020, 11, 18, 0, 0), datetime.datetime(2020, 11, 19, 0, 0), datetime.datetime(2020, 11, 23, 0, 0), datetime.datetime(2020, 11, 24, 0, 0), datetime.datetime(2020, 11, 25, 0, 0), datetime.datetime(2020, 11, 26, 0, 0), datetime.datetime(2020, 11, 30, 0, 0), datetime.datetime(2020, 12, 1, 0, 0), datetime.datetime(2020, 12, 2, 0, 0), datetime.datetime(2020, 12, 3, 0, 0), datetime.datetime(2020, 12, 7, 0, 0), datetime.datetime(2020, 12, 8, 0, 0), datetime.datetime(2020, 12, 9, 0, 0), datetime.datetime(2020, 12, 10, 0, 0), datetime.datetime(2020, 12, 14, 0, 0), datetime.datetime(2020, 12, 15, 0, 0), datetime.datetime(2020, 12, 16, 0, 0), datetime.datetime(2020, 12, 17, 0, 0)]","['DR-11022020', 'DR-11032020', 'DR-11042020', 'DR-11052020', 'DR-11062020', 'DR-11092020', 'DR-11102020', 'DR-11112020', 'DR-11122020', 'DR-11162020', 'DR-11172020', 'DR-11182020', 'DR-11192020', 'DR-11232020', 'DR-11242020', 'DR-11252020', 'DR-11262020', 'DR-11302020', 'DR-12012020', 'DR-12022020', 'DR-12032020', 'DR-12072020', 'DR-12082020', 'DR-12092020', 'DR-12102020', 'DR-12142020', 'DR-12152020', 'DR-12162020', 'DR-12172020']","['Parlimen Keempat Belas (2018 - 2022)', 'Penggal Ketiga', 'Mesyuarat Ketiga (02/11/2020 - 17/12/2020)']"
Parlimen Keempat Belas (2018 - 2022),Penggal Keempat,Mesyuarat Khas (20/01/2022 - 20/01/2022),"[datetime.datetime(2022, 1, 20, 0, 0)]",['DR-01202022'],"['Parlimen Keempat Belas (2018 - 2022)', 'Penggal Keempat', 'Mesyuarat Khas (20/01/2022 - 20/01/2022)']"
Parlimen Keempat Belas (2018 - 2022),Penggal Keempat,Mesyuarat Pertama (13/09/2021 - 12/10/2021),"[datetime.datetime(2021, 9, 13, 0, 0), datetime.datetime(2021, 9, 14, 0, 0), datetime.datetime(2021, 9, 15, 0, 0), datetime.datetime(2021, 9, 20, 0, 0), datetime.datetime(2021, 9, 21, 0, 0), datetime.datetime(2021, 9, 22, 0, 0), datetime.datetime(2021, 9, 23, 0, 0), datetime.datetime(2021, 9, 27, 0, 0), datetime.datetime(2021, 9, 28, 0, 0), datetime.datetime(2021, 9, 29, 0, 0), datetime.datetime(2021, 9, 30, 0, 0), datetime.datetime(2021, 10, 4, 0, 0), datetime.datetime(2021, 10, 5, 0, 0), datetime.datetime(2021, 10, 6, 0, 0), datetime.datetime(2021, 10, 7, 0, 0), datetime.datetime(2021, 10, 11, 0, 0), datetime.datetime(2021, 10, 12, 0, 0)]","['DR-09132021', 'DR-09142021', 'DR-09152021', 'DR-09202021', 'DR-09212021', 'DR-09222021', 'DR-09232021', 'DR-09272021', 'DR-09282021', 'DR-09292021', 'DR-09302021', 'DR-10042021', 'DR-10052021', 'DR-10062021', 'DR-10072021', 'DR-10112021', 'DR-10122021']","['Parlimen Keempat Belas (2018 - 2022)', 'Penggal Keempat', 'Mesyuarat Pertama (13/09/2021 - 12/10/2021)']"
Parlimen Keempat Belas (2018 - 2022),Penggal Keempat,Mesyuarat Kedua (25/10/2021 - 16/12/2021),"[datetime.datetime(2021, 10, 25, 0, 0), datetime.datetime(2021, 10, 26, 0, 0), datetime.datetime(2021, 10, 27, 0, 0), datetime.datetime(2021, 10, 28, 0, 0), datetime.datetime(2021, 10, 29, 0, 0), datetime.datetime(2021, 11, 1, 0, 0), datetime.datetime(2021, 11, 2, 0, 0), datetime.datetime(2021, 11, 3, 0, 0), datetime.datetime(2021, 11, 8, 0, 0), datetime.datetime(2021, 11, 9, 0, 0), datetime.datetime(2021, 11, 10, 0, 0), datetime.datetime(2021, 11, 11, 0, 0), datetime.datetime(2021, 11, 15, 0, 0), datetime.datetime(2021, 11, 16, 0, 0), datetime.datetime(2021, 11, 17, 0, 0), datetime.datetime(2021, 11, 18, 0, 0), datetime.datetime(2021, 11, 22, 0, 0), datetime.datetime(2021, 11, 23, 0, 0), datetime.datetime(2021, 11, 24, 0, 0), datetime.datetime(2021, 11, 25, 0, 0), datetime.datetime(2021, 11, 29, 0, 0), datetime.datetime(2021, 11, 30, 0, 0), datetime.datetime(2021, 12, 1, 0, 0), datetime.datetime(2021, 12, 2, 0, 0), datetime.datetime(2021, 12, 6, 0, 0), datetime.datetime(2021, 12, 7, 0, 0), datetime.datetime(2021, 12, 8, 0, 0), datetime.datetime(2021, 12, 9, 0, 0), datetime.datetime(2021, 12, 13, 0, 0), datetime.datetime(2021, 12, 14, 0, 0), datetime.datetime(2021, 12, 15, 0, 0), datetime.datetime(2021, 12, 16, 0, 0), datetime.datetime(2021, 12, 20, 0, 0)]","['DR-10252021', 'DR-10262021', 'DR-10272021', 'DR-10282021', 'DR-10292021', 'DR-11012021', 'DR-11022021', 'DR-11032021', 'DR-11082021', 'DR-11092021', 'DR-11102021', 'DR-11112021', 'DR-11152021', 'DR-11162021', 'DR-11172021', 'DR-11182021', 'DR-11222021', 'DR-11232021', 'DR-11242021', 'DR-11252021', 'DR-11292021', 'DR-11302021', 'DR-12012021', 'DR-12022021', 'DR-12062021', 'DR-12072021', 'DR-12082021', 'DR-12092021', 'DR-12132021', 'DR-12142021', 'DR-12152021', 'DR-12162021', 'DR-12202021']","['Parlimen Keempat Belas (2018 - 2022)', 'Penggal Keempat', 'Mesyuarat Kedua (25/10/2021 - 16/12/2021)']"
Parlimen Keempat Belas (2018 - 2022),Penggal Kelima,Mesyuarat Khas (11/04/2022 - 11/04/2022),"[datetime.datetime(2022, 4, 11, 0, 0)]",['DR-04112022'],"['Parlimen Keempat Belas (2018 - 2022)', 'Penggal Kelima', 'Mesyuarat Khas (11/04/2022 - 11/04/2022)']"
Parlimen Keempat Belas (2018 - 2022),Penggal Kelima,Mesyuarat Pertama (28/02/2022 - 24/03/2022),"[datetime.datetime(2022, 2, 28, 0, 0), datetime.datetime(2022, 3, 1, 0, 0), datetime.datetime(2022, 3, 2, 0, 0), datetime.datetime(2022, 3, 3, 0, 0), datetime.datetime(2022, 3, 7, 0, 0), datetime.datetime(2022, 3, 8, 0, 0), datetime.datetime(2022, 3, 9, 0, 0), datetime.datetime(2022, 3, 10, 0, 0), datetime.datetime(2022, 3, 14, 0, 0), datetime.datetime(2022, 3, 15, 0, 0), datetime.datetime(2022, 3, 16, 0, 0), datetime.datetime(2022, 3, 17, 0, 0), datetime.datetime(2022, 3, 21, 0, 0), datetime.datetime(2022, 3, 22, 0, 0), datetime.datetime(2022, 3, 23, 0, 0), datetime.datetime(2022, 3, 24, 0, 0)]","['DR-02282022', 'DR-03012022', 'DR-03022022', 'DR-03032022', 'DR-03072022', 'DR-03082022', 'DR-03092022', 'DR-03102022', 'DR-03142022', 'DR-03152022', 'DR-03162022', 'DR-03172022', 'DR-03212022', 'DR-03222022', 'DR-03232022', 'DR-03242022']","['Parlimen Keempat Belas (2018 - 2022)', 'Penggal Kelima', 'Mesyuarat Pertama (28/02/2022 - 24/03/2022)']"
Parlimen Keempat Belas (2018 - 2022),Penggal Kelima,Mesyuarat Kedua (18/07/2022 - 04/08/2022),"[datetime.datetime(2022, 7, 18, 0, 0), datetime.datetime(2022, 7, 19, 0, 0), datetime.datetime(2022, 7, 20, 0, 0), datetime.datetime(2022, 7, 21, 0, 0), datetime.datetime(2022, 7, 25, 0, 0), datetime.datetime(2022, 7, 26, 0, 0), datetime.datetime(2022, 7, 27, 0, 0), datetime.datetime(2022, 7, 28, 0, 0), datetime.datetime(2022, 8, 1, 0, 0), datetime.datetime(2022, 8, 2, 0, 0), datetime.datetime(2022, 8, 3, 0, 0), datetime.datetime(2022, 8, 4, 0, 0)]","['DR-07182022', 'DR-07192022', 'DR-07202022', 'DR-07212022', 'DR-07252022', 'DR-07262022', 'DR-07272022', 'DR-07282022', 'DR-08012022', 'DR-08022022', 'DR-08032022', 'DR-08042022']","['Parlimen Keempat Belas (2018 - 2022)', 'Penggal Kelima', 'Mesyuarat Kedua (18/07/2022 - 04/08/2022)']"
Parlimen Keempat Belas (2018 - 2022),Penggal Kelima,Mesyuarat Ketiga (03/10/2022 - 07/10/2022),"[datetime.datetime(2022, 10, 3, 0, 0), datetime.datetime(2022, 10, 4, 0, 0), datetime.datetime(2022, 10, 5, 0, 0), datetime.datetime(2022, 10, 6, 0, 0), datetime.datetime(2022, 10, 7, 0, 0)]","['DR-10032022', 'DR-10042022', 'DR-10052022', 'DR-10062022', 'DR-10072022']","['Parlimen Keempat Belas (2018 - 2022)', 'Penggal Kelima', 'Mesyuarat Ketiga (03/10/2022 - 07/10/2022)']"
Parlimen Ketiga Belas (2013 - 2018),Penggal Pertama,Mesyuarat Pertama (24/06/2013 - 18/07/2013),"[datetime.datetime(2013, 6, 24, 0, 0), datetime.datetime(2013, 6, 25, 0, 0), datetime.datetime(2013, 6, 26, 0, 0), datetime.datetime(2013, 6, 27, 0, 0), datetime.datetime(2013, 7, 1, 0, 0), datetime.datetime(2013, 7, 2, 0, 0), datetime.datetime(2013, 7, 3, 0, 0), datetime.datetime(2013, 7, 4, 0, 0), datetime.datetime(2013, 7, 8, 0, 0), datetime.datetime(2013, 7, 9, 0, 0), datetime.datetime(2013, 7, 10, 0, 0), datetime.datetime(2013, 7, 11, 0, 0), datetime.datetime(2013, 7, 15, 0, 0), datetime.datetime(2013, 7, 16, 0, 0), datetime.datetime(2013, 7, 17, 0, 0), datetime.datetime(2013, 7, 18, 0, 0)]","['DR-06242013', 'DR-06252013', 'DR-06262013', 'DR-06272013', 'DR-07012013', 'DR-07022013', 'DR-07032013', 'DR-07042013', 'DR-07082013', 'DR-07092013', 'DR-07102013', 'DR-07112013', 'DR-07152013', 'DR-07162013', 'DR-07172013', 'DR-07182013']","['Parlimen Ketiga Belas (2013 - 2018)', 'Penggal Pertama', 'Mesyuarat Pertama (24/06/2013 - 18/07/2013)']"
Parlimen Ketiga Belas (2013 - 2018),Penggal Pertama,Mesyuarat Kedua (23/09/2013 - 03/10/2013),"[datetime.datetime(2013, 9, 23, 0, 0), datetime.datetime(2013, 9, 24, 0, 0), datetime.datetime(2013, 9, 25, 0, 0), datetime.datetime(2013, 9, 26, 0, 0), datetime.datetime(2013, 9, 30, 0, 0), datetime.datetime(2013, 10, 1, 0, 0), datetime.datetime(2013, 10, 2, 0, 0), datetime.datetime(2013, 10, 3, 0, 0)]","['DR-09232013', 'DR-09242013', 'DR-09252013', 'DR-09262013', 'DR-09302013', 'DR-10012013', 'DR-10022013', 'DR-10032013']","['Parlimen Ketiga Belas (2013 - 2018)', 'Penggal Pertama', 'Mesyuarat Kedua (23/09/2013 - 03/10/2013)']"
Parlimen Ketiga Belas (2013 - 2018),Penggal Pertama,Mesyuarat Ketiga (21/10/2013 - 05/12/2013),"[datetime.datetime(2013, 10, 21, 0, 0), datetime.datetime(2013, 10, 22, 0, 0), datetime.datetime(2013, 10, 23, 0, 0), datetime.datetime(2013, 10, 24, 0, 0), datetime.datetime(2013, 10, 25, 0, 0), datetime.datetime(2013, 10, 28, 0, 0), datetime.datetime(2013, 10, 29, 0, 0), datetime.datetime(2013, 10, 30, 0, 0), datetime.datetime(2013, 10, 31, 0, 0), datetime.datetime(2013, 11, 6, 0, 0), datetime.datetime(2013, 11, 7, 0, 0), datetime.datetime(2013, 11, 11, 0, 0), datetime.datetime(2013, 11, 12, 0, 0), datetime.datetime(2013, 11, 13, 0, 0), datetime.datetime(2013, 11, 14, 0, 0), datetime.datetime(2013, 11, 18, 0, 0), datetime.datetime(2013, 11, 19, 0, 0), datetime.datetime(2013, 11, 20, 0, 0), datetime.datetime(2013, 11, 21, 0, 0), datetime.datetime(2013, 11, 25, 0, 0), datetime.datetime(2013, 11, 26, 0, 0), datetime.datetime(2013, 11, 27, 0, 0), datetime.datetime(2013, 11, 28, 0, 0), datetime.datetime(2013, 12, 2, 0, 0), datetime.datetime(2013, 12, 3, 0, 0), datetime.datetime(2013, 12, 4, 0, 0), datetime.datetime(2013, 12, 5, 0, 0)]","['DR-10212013', 'DR-10222013', 'DR-10232013', 'DR-10242013', 'DR-10252013', 'DR-10282013', 'DR-10292013', 'DR-10302013', 'DR-10312013', 'DR-11062013', 'DR-11072013', 'DR-11112013', 'DR-11122013', 'DR-11132013', 'DR-11142013', 'DR-11182013', 'DR-11192013', 'DR-11202013', 'DR-11212013', 'DR-11252013', 'DR-11262013', 'DR-11272013', 'DR-11282013', 'DR-12022013', 'DR-12032013', 'DR-12042013', 'DR-12052013']","['Parlimen Ketiga Belas (2013 - 2018)', 'Penggal Pertama', 'Mesyuarat Ketiga (21/10/2013 - 05/12/2013)']"
Parlimen Ketiga Belas (2013 - 2018),Penggal Kedua,Mesyuarat Khas (23/07/2014 - 23/07/2014),"[datetime.datetime(2014, 7, 23, 0, 0)]",['DR-07232014'],"['Parlimen Ketiga Belas (2013 - 2018)', 'Penggal Kedua', 'Mesyuarat Khas (23/07/2014 - 23/07/2014)']"
Parlimen Ketiga Belas (2013 - 2018),Penggal Kedua,Mesyuarat Pertama (10/03/2014 - 10/04/2014),"[datetime.datetime(2014, 3, 10, 0, 0), datetime.datetime(2014, 3, 11, 0, 0), datetime.datetime(2014, 3, 12, 0, 0), datetime.datetime(2014, 3, 13, 0, 0), datetime.datetime(2014, 3, 17, 0, 0), datetime.datetime(2014, 3, 18, 0, 0), datetime.datetime(2014, 3, 19, 0, 0), datetime.datetime(2014, 3, 20, 0, 0), datetime.datetime(2014, 3, 24, 0, 0), datetime.datetime(2014, 3, 25, 0, 0), datetime.datetime(2014, 3, 26, 0, 0), datetime.datetime(2014, 3, 27, 0, 0), datetime.datetime(2014, 3, 31, 0, 0), datetime.datetime(2014, 4, 1, 0, 0), datetime.datetime(2014, 4, 2, 0, 0), datetime.datetime(2014, 4, 3, 0, 0), datetime.datetime(2014, 4, 7, 0, 0), datetime.datetime(2014, 4, 8, 0, 0), datetime.datetime(2014, 4, 9, 0, 0), datetime.datetime(2014, 4, 10, 0, 0)]","['DR-03102014', 'DR-03112014', 'DR-03122014', 'DR-03132014', 'DR-03172014', 'DR-03182014', 'DR-03192014', 'DR-03202014', 'DR-03242014', 'DR-03252014', 'DR-03262014', 'DR-03272014', 'DR-03312014', 'DR-04012014', 'DR-04022014', 'DR-04032014', 'DR-04072014', 'DR-04082014', 'DR-04092014', 'DR-04102014']","['Parlimen Ketiga Belas (2013 - 2018)', 'Penggal Kedua', 'Mesyuarat Pertama (10/03/2014 - 10/04/2014)']"
Parlimen Ketiga Belas (2013 - 2018),Penggal Kedua,Mesyuarat Kedua (09/06/2014 - 19/06/2014),"[datetime.datetime(2014, 6, 9, 0, 0), datetime.datetime(2014, 6, 10, 0, 0), datetime.datetime(2014, 6, 11, 0, 0), datetime.datetime(2014, 6, 12, 0, 0), datetime.datetime(2014, 6, 16, 0, 0), datetime.datetime(2014, 6, 17, 0, 0), datetime.datetime(2014, 6, 18, 0, 0), datetime.datetime(2014, 6, 19, 0, 0)]","['DR-06092014', 'DR-06102014', 'DR-06112014', 'DR-06122014', 'DR-06162014', 'DR-06172014', 'DR-06182014', 'DR-06192014']","['Parlimen Ketiga Belas (2013 - 2018)', 'Penggal Kedua', 'Mesyuarat Kedua (09/06/2014 - 19/06/2014)']"
Parlimen Ketiga Belas (2013 - 2018),Penggal Kedua,Mesyuarat Ketiga (07/10/2014 - 27/11/2014),"[datetime.datetime(2014, 10, 7, 0, 0), datetime.datetime(2014, 10, 8, 0, 0), datetime.datetime(2014, 10, 9, 0, 0), datetime.datetime(2014, 10, 10, 0, 0), datetime.datetime(2014, 10, 13, 0, 0), datetime.datetime(2014, 10, 14, 0, 0), datetime.datetime(2014, 10, 15, 0, 0), datetime.datetime(2014, 10, 16, 0, 0), datetime.datetime(2014, 10, 27, 0, 0), datetime.datetime(2014, 10, 28, 0, 0), datetime.datetime(2014, 10, 29, 0, 0), datetime.datetime(2014, 10, 30, 0, 0), datetime.datetime(2014, 11, 3, 0, 0), datetime.datetime(2014, 11, 4, 0, 0), datetime.datetime(2014, 11, 5, 0, 0), datetime.datetime(2014, 11, 6, 0, 0), datetime.datetime(2014, 11, 10, 0, 0), datetime.datetime(2014, 11, 11, 0, 0), datetime.datetime(2014, 11, 12, 0, 0), datetime.datetime(2014, 11, 13, 0, 0), datetime.datetime(2014, 11, 17, 0, 0), datetime.datetime(2014, 11, 18, 0, 0), datetime.datetime(2014, 11, 19, 0, 0), datetime.datetime(2014, 11, 20, 0, 0), datetime.datetime(2014, 11, 24, 0, 0), datetime.datetime(2014, 11, 25, 0, 0), datetime.datetime(2014, 11, 26, 0, 0), datetime.datetime(2014, 11, 27, 0, 0)]","['DR-10072014', 'DR-10082014', 'DR-10092014', 'DR-10102014', 'DR-10132014', 'DR-10142014', 'DR-10152014', 'DR-10162014', 'DR-10272014', 'DR-10282014', 'DR-10292014', 'DR-10302014', 'DR-11032014', 'DR-11042014', 'DR-11052014', 'DR-11062014', 'DR-11102014', 'DR-11112014', 'DR-11122014', 'DR-11132014', 'DR-11172014', 'DR-11182014', 'DR-11192014', 'DR-11202014', 'DR-11242014', 'DR-11252014', 'DR-11262014', 'DR-11272014']","['Parlimen Ketiga Belas (2013 - 2018)', 'Penggal Kedua', 'Mesyuarat Ketiga (07/10/2014 - 27/11/2014)']"
Parlimen Ketiga Belas (2013 - 2018),Penggal Ketiga,Mesyuarat Khas (26/01/2016 - 27/01/2016),"[datetime.datetime(2016, 1, 26, 0, 0), datetime.datetime(2016, 1, 27, 0, 0)]","['DR-01262016', 'DR-01272016']","['Parlimen Ketiga Belas (2013 - 2018)', 'Penggal Ketiga', 'Mesyuarat Khas (26/01/2016 - 27/01/2016)']"
Parlimen Ketiga Belas (2013 - 2018),Penggal Ketiga,Mesyuarat Pertama (09/03/2015 - 09/04/2015),"[datetime.datetime(2015, 3, 9, 0, 0), datetime.datetime(2015, 3, 10, 0, 0), datetime.datetime(2015, 3, 11, 0, 0), datetime.datetime(2015, 3, 12, 0, 0), datetime.datetime(2015, 3, 16, 0, 0), datetime.datetime(2015, 3, 17, 0, 0), datetime.datetime(2015, 3, 18, 0, 0), datetime.datetime(2015, 3, 19, 0, 0), datetime.datetime(2015, 3, 23, 0, 0), datetime.datetime(2015, 3, 24, 0, 0), datetime.datetime(2015, 3, 25, 0, 0), datetime.datetime(2015, 3, 26, 0, 0), datetime.datetime(2015, 3, 30, 0, 0), datetime.datetime(2015, 3, 31, 0, 0), datetime.datetime(2015, 4, 1, 0, 0), datetime.datetime(2015, 4, 2, 0, 0), datetime.datetime(2015, 4, 6, 0, 0), datetime.datetime(2015, 4, 7, 0, 0), datetime.datetime(2015, 4, 8, 0, 0), datetime.datetime(2015, 4, 9, 0, 0)]","['DR-03092015', 'DR-03102015', 'DR-03112015', 'DR-03122015', 'DR-03162015', 'DR-03172015', 'DR-03182015', 'DR-03192015', 'DR-03232015', 'DR-03242015', 'DR-03252015', 'DR-03262015', 'DR-03302015', 'DR-03312015', 'DR-04012015', 'DR-04022015', 'DR-04062015', 'DR-04072015', 'DR-04082015', 'DR-04092015']","['Parlimen Ketiga Belas (2013 - 2018)', 'Penggal Ketiga', 'Mesyuarat Pertama (09/03/2015 - 09/04/2015)']"
Parlimen Ketiga Belas (2013 - 2018),Penggal Ketiga,Mesyuarat Kedua (18/05/2015 - 18/06/2015),"[datetime.datetime(2015, 5, 18, 0, 0), datetime.datetime(2015, 5, 19, 0, 0), datetime.datetime(2015, 5, 20, 0, 0), datetime.datetime(2015, 5, 21, 0, 0), datetime.datetime(2015, 5, 25, 0, 0), datetime.datetime(2015, 5, 26, 0, 0), datetime.datetime(2015, 5, 27, 0, 0), datetime.datetime(2015, 5, 28, 0, 0), datetime.datetime(2015, 6, 8, 0, 0), datetime.datetime(2015, 6, 9, 0, 0), datetime.datetime(2015, 6, 10, 0, 0), datetime.datetime(2015, 6, 11, 0, 0), datetime.datetime(2015, 6, 15, 0, 0), datetime.datetime(2015, 6, 16, 0, 0), datetime.datetime(2015, 6, 17, 0, 0), datetime.datetime(2015, 6, 18, 0, 0)]","['DR-05182015', 'DR-05192015', 'DR-05202015', 'DR-05212015', 'DR-05252015', 'DR-05262015', 'DR-05272015', 'DR-05282015', 'DR-06082015', 'DR-06092015', 'DR-06102015', 'DR-06112015', 'DR-06152015', 'DR-06162015', 'DR-06172015', 'DR-06182015']","['Parlimen Ketiga Belas (2013 - 2018)', 'Penggal Ketiga', 'Mesyuarat Kedua (18/05/2015 - 18/06/2015)']"
Parlimen Ketiga Belas (2013 - 2018),Penggal Ketiga,Mesyuarat Ketiga (19/10/2015 - 03/12/2015),"[datetime.datetime(2015, 10, 19, 0, 0), datetime.datetime(2015, 10, 20, 0, 0), datetime.datetime(2015, 10, 21, 0, 0), datetime.datetime(2015, 10, 22, 0, 0), datetime.datetime(2015, 10, 23, 0, 0), datetime.datetime(2015, 10, 26, 0, 0), datetime.datetime(2015, 10, 27, 0, 0), datetime.datetime(2015, 10, 28, 0, 0), datetime.datetime(2015, 10, 29, 0, 0), datetime.datetime(2015, 11, 2, 0, 0), datetime.datetime(2015, 11, 3, 0, 0), datetime.datetime(2015, 11, 4, 0, 0), datetime.datetime(2015, 11, 5, 0, 0), datetime.datetime(2015, 11, 16, 0, 0), datetime.datetime(2015, 11, 17, 0, 0), datetime.datetime(2015, 11, 18, 0, 0), datetime.datetime(2015, 11, 19, 0, 0), datetime.datetime(2015, 11, 23, 0, 0), datetime.datetime(2015, 11, 24, 0, 0), datetime.datetime(2015, 11, 25, 0, 0), datetime.datetime(2015, 11, 26, 0, 0), datetime.datetime(2015, 11, 30, 0, 0), datetime.datetime(2015, 12, 1, 0, 0), datetime.datetime(2015, 12, 2, 0, 0), datetime.datetime(2015, 12, 3, 0, 0)]","['DR-10192015', 'DR-10202015', 'DR-10212015', 'DR-10222015', 'DR-10232015', 'DR-10262015', 'DR-10272015', 'DR-10282015', 'DR-10292015', 'DR-11022015', 'DR-11032015', 'DR-11042015', 'DR-11052015', 'DR-11162015', 'DR-11172015', 'DR-11182015', 'DR-11192015', 'DR-11232015', 'DR-11242015', 'DR-11252015', 'DR-11262015', 'DR-11302015', 'DR-12012015', 'DR-12022015', 'DR-12032015']","['Parlimen Ketiga Belas (2013 - 2018)', 'Penggal Ketiga', 'Mesyuarat Ketiga (19/10/2015 - 03/12/2015)']"
Parlimen Ketiga Belas (2013 - 2018),Penggal Keempat,Mesyuarat Pertama (07/03/2016 - 07/04/2016),"[datetime.datetime(2016, 3, 7, 0, 0), datetime.datetime(2016, 3, 8, 0, 0), datetime.datetime(2016, 3, 9, 0, 0), datetime.datetime(2016, 3, 10, 0, 0), datetime.datetime(2016, 3, 14, 0, 0), datetime.datetime(2016, 3, 15, 0, 0), datetime.datetime(2016, 3, 16, 0, 0), datetime.datetime(2016, 3, 17, 0, 0), datetime.datetime(2016, 3, 21, 0, 0), datetime.datetime(2016, 3, 22, 0, 0), datetime.datetime(2016, 3, 23, 0, 0), datetime.datetime(2016, 3, 24, 0, 0), datetime.datetime(2016, 3, 28, 0, 0), datetime.datetime(2016, 3, 29, 0, 0), datetime.datetime(2016, 3, 30, 0, 0), datetime.datetime(2016, 3, 31, 0, 0), datetime.datetime(2016, 4, 4, 0, 0), datetime.datetime(2016, 4, 5, 0, 0), datetime.datetime(2016, 4, 6, 0, 0), datetime.datetime(2016, 4, 7, 0, 0)]","['DR-03072016', 'DR-03082016', 'DR-03092016', 'DR-03102016', 'DR-03142016', 'DR-03152016', 'DR-03162016', 'DR-03172016', 'DR-03212016', 'DR-03222016', 'DR-03232016', 'DR-03242016', 'DR-03282016', 'DR-03292016', 'DR-03302016', 'DR-03312016', 'DR-04042016', 'DR-04052016', 'DR-04062016', 'DR-04072016']","['Parlimen Ketiga Belas (2013 - 2018)', 'Penggal Keempat', 'Mesyuarat Pertama (07/03/2016 - 07/04/2016)']"
Parlimen Ketiga Belas (2013 - 2018),Penggal Keempat,Mesyuarat Kedua (16/05/2016 - 26/05/2016),"[datetime.datetime(2016, 5, 16, 0, 0), datetime.datetime(2016, 5, 17, 0, 0), datetime.datetime(2016, 5, 18, 0, 0), datetime.datetime(2016, 5, 19, 0, 0), datetime.datetime(2016, 5, 23, 0, 0), datetime.datetime(2016, 5, 24, 0, 0), datetime.datetime(2016, 5, 25, 0, 0), datetime.datetime(2016, 5, 26, 0, 0)]","['DR-05162016', 'DR-05172016', 'DR-05182016', 'DR-05192016', 'DR-05232016', 'DR-05242016', 'DR-05252016', 'DR-05262016']","['Parlimen Ketiga Belas (2013 - 2018)', 'Penggal Keempat', 'Mesyuarat Kedua (16/05/2016 - 26/05/2016)']"
Parlimen Ketiga Belas (2013 - 2018),Penggal Keempat,Mesyuarat Ketiga (17/10/2016 - 24/11/2016),"[datetime.datetime(2016, 10, 17, 0, 0), datetime.datetime(2016, 10, 18, 0, 0), datetime.datetime(2016, 10, 19, 0, 0), datetime.datetime(2016, 10, 20, 0, 0), datetime.datetime(2016, 10, 21, 0, 0), datetime.datetime(2016, 10, 24, 0, 0), datetime.datetime(2016, 10, 25, 0, 0), datetime.datetime(2016, 10, 26, 0, 0), datetime.datetime(2016, 10, 27, 0, 0), datetime.datetime(2016, 10, 31, 0, 0), datetime.datetime(2016, 11, 1, 0, 0), datetime.datetime(2016, 11, 2, 0, 0), datetime.datetime(2016, 11, 3, 0, 0), datetime.datetime(2016, 11, 7, 0, 0), datetime.datetime(2016, 11, 8, 0, 0), datetime.datetime(2016, 11, 9, 0, 0), datetime.datetime(2016, 11, 10, 0, 0), datetime.datetime(2016, 11, 14, 0, 0), datetime.datetime(2016, 11, 15, 0, 0), datetime.datetime(2016, 11, 16, 0, 0), datetime.datetime(2016, 11, 17, 0, 0), datetime.datetime(2016, 11, 21, 0, 0), datetime.datetime(2016, 11, 22, 0, 0), datetime.datetime(2016, 11, 23, 0, 0), datetime.datetime(2016, 11, 24, 0, 0)]","['DR-10172016', 'DR-10182016', 'DR-10192016', 'DR-10202016', 'DR-10212016', 'DR-10242016', 'DR-10252016', 'DR-10262016', 'DR-10272016', 'DR-10312016', 'DR-11012016', 'DR-11022016', 'DR-11032016', 'DR-11072016', 'DR-11082016', 'DR-11092016', 'DR-11102016', 'DR-11142016', 'DR-11152016', 'DR-11162016', 'DR-11172016', 'DR-11212016', 'DR-11222016', 'DR-11232016', 'DR-11242016']","['Parlimen Ketiga Belas (2013 - 2018)', 'Penggal Keempat', 'Mesyuarat Ketiga (17/10/2016 - 24/11/2016)']"
Parlimen Ketiga Belas (2013 - 2018),Penggal Kelima,Mesyuarat Pertama (06/03/2017 - 06/04/2017),"[datetime.datetime(2017, 3, 6, 0, 0), datetime.datetime(2017, 3, 7, 0, 0), datetime.datetime(2017, 3, 8, 0, 0), datetime.datetime(2017, 3, 9, 0, 0), datetime.datetime(2017, 3, 13, 0, 0), datetime.datetime(2017, 3, 14, 0, 0), datetime.datetime(2017, 3, 15, 0, 0), datetime.datetime(2017, 3, 16, 0, 0), datetime.datetime(2017, 3, 20, 0, 0), datetime.datetime(2017, 3, 21, 0, 0), datetime.datetime(2017, 3, 22, 0, 0), datetime.datetime(2017, 3, 23, 0, 0), datetime.datetime(2017, 3, 27, 0, 0), datetime.datetime(2017, 3, 28, 0, 0), datetime.datetime(2017, 3, 29, 0, 0), datetime.datetime(2017, 3, 30, 0, 0), datetime.datetime(2017, 4, 3, 0, 0), datetime.datetime(2017, 4, 4, 0, 0), datetime.datetime(2017, 4, 5, 0, 0), datetime.datetime(2017, 4, 6, 0, 0)]","['DR-03062017', 'DR-03072017', 'DR-03082017', 'DR-03092017', 'DR-03132017', 'DR-03142017', 'DR-03152017', 'DR-03162017', 'DR-03202017', 'DR-03212017', 'DR-03222017', 'DR-03232017', 'DR-03272017', 'DR-03282017', 'DR-03292017', 'DR-03302017', 'DR-04032017', 'DR-04042017', 'DR-04052017', 'DR-04062017']","['Parlimen Ketiga Belas (2013 - 2018)', 'Penggal Kelima', 'Mesyuarat Pertama (06/03/2017 - 06/04/2017)']"
Parlimen Ketiga Belas (2013 - 2018),Penggal Kelima,Mesyuarat Kedua (24/07/2017 - 10/08/2017),"[datetime.datetime(2017, 7, 24, 0, 0), datetime.datetime(2017, 7, 25, 0, 0), datetime.datetime(2017, 7, 26, 0, 0), datetime.datetime(2017, 7, 27, 0, 0), datetime.datetime(2017, 7, 31, 0, 0), datetime.datetime(2017, 8, 1, 0, 0), datetime.datetime(2017, 8, 2, 0, 0), datetime.datetime(2017, 8, 3, 0, 0), datetime.datetime(2017, 8, 7, 0, 0), datetime.datetime(2017, 8, 8, 0, 0), datetime.datetime(2017, 8, 9, 0, 0), datetime.datetime(2017, 8, 10, 0, 0)]","['DR-07242017', 'DR-07252017', 'DR-07262017', 'DR-07272017', 'DR-07312017', 'DR-08012017', 'DR-08022017', 'DR-08032017', 'DR-08072017', 'DR-08082017', 'DR-08092017', 'DR-08102017']","['Parlimen Ketiga Belas (2013 - 2018)', 'Penggal Kelima', 'Mesyuarat Kedua (24/07/2017 - 10/08/2017)']"
Parlimen Ketiga Belas (2013 - 2018),Penggal Kelima,Mesyuarat Ketiga (23/10/2017 - 30/11/2017),"[datetime.datetime(2017, 10, 23, 0, 0), datetime.datetime(2017, 10, 24, 0, 0), datetime.datetime(2017, 10, 25, 0, 0), datetime.datetime(2017, 10, 26, 0, 0), datetime.datetime(2017, 10, 27, 0, 0), datetime.datetime(2017, 10, 30, 0, 0), datetime.datetime(2017, 10, 31, 0, 0), datetime.datetime(2017, 11, 1, 0, 0), datetime.datetime(2017, 11, 2, 0, 0), datetime.datetime(2017, 11, 6, 0, 0), datetime.datetime(2017, 11, 7, 0, 0), datetime.datetime(2017, 11, 8, 0, 0), datetime.datetime(2017, 11, 9, 0, 0), datetime.datetime(2017, 11, 13, 0, 0), datetime.datetime(2017, 11, 14, 0, 0), datetime.datetime(2017, 11, 15, 0, 0), datetime.datetime(2017, 11, 16, 0, 0), datetime.datetime(2017, 11, 20, 0, 0), datetime.datetime(2017, 11, 21, 0, 0), datetime.datetime(2017, 11, 22, 0, 0), datetime.datetime(2017, 11, 23, 0, 0), datetime.datetime(2017, 11, 27, 0, 0), datetime.datetime(2017, 11, 28, 0, 0), datetime.datetime(2017, 11, 29, 0, 0), datetime.datetime(2017, 11, 30, 0, 0)]","['DR-10232017', 'DR-10242017', 'DR-10252017', 'DR-10262017', 'DR-10272017', 'DR-10302017', 'DR-10312017', 'DR-11012017', 'DR-11022017', 'DR-11062017', 'DR-11072017', 'DR-11082017', 'DR-11092017', 'DR-11132017', 'DR-11142017', 'DR-11152017', 'DR-11162017', 'DR-11202017', 'DR-11212017', 'DR-11222017', 'DR-11232017', 'DR-11272017', 'DR-11282017', 'DR-11292017', 'DR-11302017']","['Parlimen Ketiga Belas (2013 - 2018)', 'Penggal Kelima', 'Mesyuarat Ketiga (23/10/2017 - 30/11/2017)']"
Parlimen Ketiga Belas (2013 - 2018),Penggal Keenam,Mesyuarat Pertama (05/03/2018 - 05/04/2018),"[datetime.datetime(2018, 3, 5, 0, 0), datetime.datetime(2018, 3, 6, 0, 0), datetime.datetime(2018, 3, 7, 0, 0), datetime.datetime(2018, 3, 8, 0, 0), datetime.datetime(2018, 3, 12, 0, 0), datetime.datetime(2018, 3, 13, 0, 0), datetime.datetime(2018, 3, 14, 0, 0), datetime.datetime(2018, 3, 15, 0, 0), datetime.datetime(2018, 3, 19, 0, 0), datetime.datetime(2018, 3, 20, 0, 0), datetime.datetime(2018, 3, 21, 0, 0), datetime.datetime(2018, 3, 22, 0, 0), datetime.datetime(2018, 3, 26, 0, 0), datetime.datetime(2018, 3, 27, 0, 0), datetime.datetime(2018, 3, 28, 0, 0), datetime.datetime(2018, 3, 29, 0, 0), datetime.datetime(2018, 4, 2, 0, 0), datetime.datetime(2018, 4, 3, 0, 0), datetime.datetime(2018, 4, 4, 0, 0), datetime.datetime(2018, 4, 5, 0, 0)]","['DR-03052018', 'DR-03062018', 'DR-03072018', 'DR-03082018', 'DR-03122018', 'DR-03132018', 'DR-03142018', 'DR-03152018', 'DR-03192018', 'DR-03202018', 'DR-03212018', 'DR-03222018', 'DR-03262018', 'DR-03272018', 'DR-03282018', 'DR-03292018', 'DR-04022018', 'DR-04032018', 'DR-04042018', 'DR-04052018']","['Parlimen Ketiga Belas (2013 - 2018)', 'Penggal Keenam', 'Mesyuarat Pertama (05/03/2018 - 05/04/2018)']"
Parlimen Kedua Belas (2008 - 2012),Penggal Pertama,Mesyuarat Pertama (28/04/2008 - 29/05/2008),"[datetime.datetime(2008, 4, 28, 0, 0), datetime.datetime(2008, 4, 29, 0, 0), datetime.datetime(2008, 4, 30, 0, 0), datetime.datetime(2008, 5, 5, 0, 0), datetime.datetime(2008, 5, 6, 0, 0), datetime.datetime(2008, 5, 7, 0, 0), datetime.datetime(2008, 5, 8, 0, 0), datetime.datetime(2008, 5, 12, 0, 0), datetime.datetime(2008, 5, 13, 0, 0), datetime.datetime(2008, 5, 14, 0, 0), datetime.datetime(2008, 5, 15, 0, 0), datetime.datetime(2008, 5, 20, 0, 0), datetime.datetime(2008, 5, 21, 0, 0), datetime.datetime(2008, 5, 22, 0, 0), datetime.datetime(2008, 5, 26, 0, 0), datetime.datetime(2008, 5, 27, 0, 0), datetime.datetime(2008, 5, 28, 0, 0), datetime.datetime(2008, 5, 29, 0, 0)]","['DR-04282008', 'DR-04292008', 'DR-04302008', 'DR-05052008', 'DR-05062008', 'DR-05072008', 'DR-05082008', 'DR-05122008', 'DR-05132008', 'DR-05142008', 'DR-05152008', 'DR-05202008', 'DR-05212008', 'DR-05222008', 'DR-05262008', 'DR-05272008', 'DR-05282008', 'DR-05292008']","['Parlimen Kedua Belas (2008 - 2012)', 'Penggal Pertama', 'Mesyuarat Pertama (28/04/2008 - 29/05/2008)']"
Parlimen Kedua Belas (2008 - 2012),Penggal Pertama,Mesyuarat Kedua (23/06/2008 - 17/07/2008),"[datetime.datetime(2008, 6, 23, 0, 0), datetime.datetime(2008, 6, 24, 0, 0), datetime.datetime(2008, 6, 25, 0, 0), datetime.datetime(2008, 6, 26, 0, 0), datetime.datetime(2008, 6, 30, 0, 0), datetime.datetime(2008, 7, 1, 0, 0), datetime.datetime(2008, 7, 2, 0, 0), datetime.datetime(2008, 7, 3, 0, 0), datetime.datetime(2008, 7, 7, 0, 0), datetime.datetime(2008, 7, 8, 0, 0), datetime.datetime(2008, 7, 9, 0, 0), datetime.datetime(2008, 7, 10, 0, 0), datetime.datetime(2008, 7, 14, 0, 0), datetime.datetime(2008, 7, 15, 0, 0), datetime.datetime(2008, 7, 16, 0, 0), datetime.datetime(2008, 7, 17, 0, 0)]","['DR-06232008', 'DR-06242008', 'DR-06252008', 'DR-06262008', 'DR-06302008', 'DR-07012008', 'DR-07022008', 'DR-07032008', 'DR-07072008', 'DR-07082008', 'DR-07092008', 'DR-07102008', 'DR-07142008', 'DR-07152008', 'DR-07162008', 'DR-07172008']","['Parlimen Kedua Belas (2008 - 2012)', 'Penggal Pertama', 'Mesyuarat Kedua (23/06/2008 - 17/07/2008)']"
Parlimen Kedua Belas (2008 - 2012),Penggal Pertama,Mesyuarat Ketiga (18/08/2008 - 18/12/2008),"[datetime.datetime(2008, 8, 18, 0, 0), datetime.datetime(2008, 8, 19, 0, 0), datetime.datetime(2008, 8, 20, 0, 0), datetime.datetime(2008, 8, 21, 0, 0), datetime.datetime(2008, 8, 25, 0, 0), datetime.datetime(2008, 8, 26, 0, 0), datetime.datetime(2008, 8, 27, 0, 0), datetime.datetime(2008, 8, 28, 0, 0), datetime.datetime(2008, 8, 29, 0, 0), datetime.datetime(2008, 10, 13, 0, 0), datetime.datetime(2008, 10, 14, 0, 0), datetime.datetime(2008, 10, 15, 0, 0), datetime.datetime(2008, 10, 16, 0, 0), datetime.datetime(2008, 10, 20, 0, 0), datetime.datetime(2008, 10, 21, 0, 0), datetime.datetime(2008, 10, 22, 0, 0), datetime.datetime(2008, 10, 23, 0, 0), datetime.datetime(2008, 10, 29, 0, 0), datetime.datetime(2008, 10, 30, 0, 0), datetime.datetime(2008, 11, 3, 0, 0), datetime.datetime(2008, 11, 4, 0, 0), datetime.datetime(2008, 11, 5, 0, 0), datetime.datetime(2008, 11, 6, 0, 0), datetime.datetime(2008, 11, 10, 0, 0), datetime.datetime(2008, 11, 11, 0, 0), datetime.datetime(2008, 11, 12, 0, 0), datetime.datetime(2008, 11, 13, 0, 0), datetime.datetime(2008, 11, 17, 0, 0), datetime.datetime(2008, 11, 18, 0, 0), datetime.datetime(2008, 11, 19, 0, 0), datetime.datetime(2008, 11, 20, 0, 0), datetime.datetime(2008, 11, 24, 0, 0), datetime.datetime(2008, 11, 25, 0, 0), datetime.datetime(2008, 11, 26, 0, 0), datetime.datetime(2008, 11, 27, 0, 0), datetime.datetime(2008, 12, 1, 0, 0), datetime.datetime(2008, 12, 2, 0, 0), datetime.datetime(2008, 12, 3, 0, 0), datetime.datetime(2008, 12, 4, 0, 0), datetime.datetime(2008, 12, 10, 0, 0), datetime.datetime(2008, 12, 11, 0, 0), datetime.datetime(2008, 12, 15, 0, 0), datetime.datetime(2008, 12, 16, 0, 0), datetime.datetime(2008, 12, 17, 0, 0), datetime.datetime(2008, 12, 18, 0, 0)]","['DR-08182008', 'DR-08192008', 'DR-08202008', 'DR-08212008', 'DR-08252008', 'DR-08262008', 'DR-08272008', 'DR-08282008', 'DR-08292008', 'DR-10132008', 'DR-10142008', 'DR-10152008', 'DR-10162008', 'DR-10202008', 'DR-10212008', 'DR-10222008', 'DR-10232008', 'DR-10292008', 'DR-10302008', 'DR-11032008', 'DR-11042008', 'DR-11052008', 'DR-11062008', 'DR-11102008', 'DR-11112008', 'DR-11122008', 'DR-11132008', 'DR-11172008', 'DR-11182008', 'DR-11192008', 'DR-11202008', 'DR-11242008', 'DR-11252008', 'DR-11262008', 'DR-11272008', 'DR-12012008', 'DR-12022008', 'DR-12032008', 'DR-12042008', 'DR-12102008', 'DR-12112008', 'DR-12152008', 'DR-12162008', 'DR-12172008', 'DR-12182008']","['Parlimen Kedua Belas (2008 - 2012)', 'Penggal Pertama', 'Mesyuarat Ketiga (18/08/2008 - 18/12/2008)']"
Parlimen Kedua Belas (2008 - 2012),Penggal Pertama,Mesyuarat Keempat (12/01/2009 - 12/01/2009),"[datetime.datetime(2009, 1, 12, 0, 0)]",['DR-01122009'],"['Parlimen Kedua Belas (2008 - 2012)', 'Penggal Pertama', 'Mesyuarat Keempat (12/01/2009 - 12/01/2009)']"
Parlimen Kedua Belas (2008 - 2012),Penggal Kedua,Mesyuarat Pertama (16/01/2009 - 25/03/2009),"[datetime.datetime(2009, 2, 16, 0, 0), datetime.datetime(2009, 2, 17, 0, 0), datetime.datetime(2009, 2, 18, 0, 0), datetime.datetime(2009, 2, 19, 0, 0), datetime.datetime(2009, 2, 23, 0, 0), datetime.datetime(2009, 2, 24, 0, 0), datetime.datetime(2009, 2, 25, 0, 0), datetime.datetime(2009, 2, 26, 0, 0), datetime.datetime(2009, 3, 2, 0, 0), datetime.datetime(2009, 3, 3, 0, 0), datetime.datetime(2009, 3, 4, 0, 0), datetime.datetime(2009, 3, 5, 0, 0), datetime.datetime(2009, 3, 10, 0, 0), datetime.datetime(2009, 3, 11, 0, 0), datetime.datetime(2009, 3, 12, 0, 0), datetime.datetime(2009, 3, 16, 0, 0), datetime.datetime(2009, 3, 17, 0, 0), datetime.datetime(2009, 3, 18, 0, 0), datetime.datetime(2009, 3, 19, 0, 0), datetime.datetime(2009, 3, 23, 0, 0), datetime.datetime(2009, 3, 24, 0, 0), datetime.datetime(2009, 3, 25, 0, 0)]","['DR-02162009', 'DR-02172009', 'DR-02182009', 'DR-02192009', 'DR-02232009', 'DR-02242009', 'DR-02252009', 'DR-02262009', 'DR-03022009', 'DR-03032009', 'DR-03042009', 'DR-03052009', 'DR-03102009', 'DR-03112009', 'DR-03122009', 'DR-03162009', 'DR-03172009', 'DR-03182009', 'DR-03192009', 'DR-03232009', 'DR-03242009', 'DR-03252009']","['Parlimen Kedua Belas (2008 - 2012)', 'Penggal Kedua', 'Mesyuarat Pertama (16/01/2009 - 25/03/2009)']"
Parlimen Kedua Belas (2008 - 2012),Penggal Kedua,Mesyuarat Kedua (15/06/2009 - 02/07/2009),"[datetime.datetime(2009, 6, 15, 0, 0), datetime.datetime(2009, 6, 16, 0, 0), datetime.datetime(2009, 6, 17, 0, 0), datetime.datetime(2009, 6, 18, 0, 0), datetime.datetime(2009, 6, 22, 0, 0), datetime.datetime(2009, 6, 23, 0, 0), datetime.datetime(2009, 6, 24, 0, 0), datetime.datetime(2009, 6, 25, 0, 0), datetime.datetime(2009, 6, 29, 0, 0), datetime.datetime(2009, 6, 30, 0, 0), datetime.datetime(2009, 7, 1, 0, 0), datetime.datetime(2009, 7, 2, 0, 0)]","['DR-06152009', 'DR-06162009', 'DR-06172009', 'DR-06182009', 'DR-06222009', 'DR-06232009', 'DR-06242009', 'DR-06252009', 'DR-06292009', 'DR-06302009', 'DR-07012009', 'DR-07022009']","['Parlimen Kedua Belas (2008 - 2012)', 'Penggal Kedua', 'Mesyuarat Kedua (15/06/2009 - 02/07/2009)']"
Parlimen Kedua Belas (2008 - 2012),Penggal Kedua,Mesyuarat Ketiga (19/10/2009 - 17/12/2009),"[datetime.datetime(2009, 10, 19, 0, 0), datetime.datetime(2009, 10, 20, 0, 0), datetime.datetime(2009, 10, 21, 0, 0), datetime.datetime(2009, 10, 22, 0, 0), datetime.datetime(2009, 10, 23, 0, 0), datetime.datetime(2009, 10, 26, 0, 0), datetime.datetime(2009, 10, 27, 0, 0), datetime.datetime(2009, 10, 28, 0, 0), datetime.datetime(2009, 10, 29, 0, 0), datetime.datetime(2009, 11, 2, 0, 0), datetime.datetime(2009, 11, 3, 0, 0), datetime.datetime(2009, 11, 4, 0, 0), datetime.datetime(2009, 11, 5, 0, 0), datetime.datetime(2009, 11, 9, 0, 0), datetime.datetime(2009, 11, 10, 0, 0), datetime.datetime(2009, 11, 11, 0, 0), datetime.datetime(2009, 11, 12, 0, 0), datetime.datetime(2009, 11, 16, 0, 0), datetime.datetime(2009, 11, 17, 0, 0), datetime.datetime(2009, 11, 18, 0, 0), datetime.datetime(2009, 11, 19, 0, 0), datetime.datetime(2009, 11, 23, 0, 0), datetime.datetime(2009, 11, 24, 0, 0), datetime.datetime(2009, 11, 25, 0, 0), datetime.datetime(2009, 11, 30, 0, 0), datetime.datetime(2009, 12, 1, 0, 0), datetime.datetime(2009, 12, 2, 0, 0), datetime.datetime(2009, 12, 3, 0, 0), datetime.datetime(2009, 12, 7, 0, 0), datetime.datetime(2009, 12, 8, 0, 0), datetime.datetime(2009, 12, 9, 0, 0), datetime.datetime(2009, 12, 10, 0, 0), datetime.datetime(2009, 12, 14, 0, 0), datetime.datetime(2009, 12, 15, 0, 0), datetime.datetime(2009, 12, 16, 0, 0), datetime.datetime(2009, 12, 17, 0, 0)]","['DR-10192009', 'DR-10202009', 'DR-10212009', 'DR-10222009', 'DR-10232009', 'DR-10262009', 'DR-10272009', 'DR-10282009', 'DR-10292009', 'DR-11022009', 'DR-11032009', 'DR-11042009', 'DR-11052009', 'DR-11092009', 'DR-11102009', 'DR-11112009', 'DR-11122009', 'DR-11162009', 'DR-11172009', 'DR-11182009', 'DR-11192009', 'DR-11232009', 'DR-11242009', 'DR-11252009', 'DR-11302009', 'DR-12012009', 'DR-12022009', 'DR-12032009', 'DR-12072009', 'DR-12082009', 'DR-12092009', 'DR-12102009', 'DR-12142009', 'DR-12152009', 'DR-12162009', 'DR-12172009']","['Parlimen Kedua Belas (2008 - 2012)', 'Penggal Kedua', 'Mesyuarat Ketiga (19/10/2009 - 17/12/2009)']"
Parlimen Kedua Belas (2008 - 2012),Penggal Ketiga,Mesyuarat Pertama (15/03/2010 - 22/04/2010),"[datetime.datetime(2010, 3, 15, 0, 0), datetime.datetime(2010, 3, 16, 0, 0), datetime.datetime(2010, 3, 17, 0, 0), datetime.datetime(2010, 3, 18, 0, 0), datetime.datetime(2010, 3, 22, 0, 0), datetime.datetime(2010, 3, 23, 0, 0), datetime.datetime(2010, 3, 24, 0, 0), datetime.datetime(2010, 3, 25, 0, 0), datetime.datetime(2010, 3, 29, 0, 0), datetime.datetime(2010, 3, 30, 0, 0), datetime.datetime(2010, 3, 31, 0, 0), datetime.datetime(2010, 4, 1, 0, 0), datetime.datetime(2010, 4, 5, 0, 0), datetime.datetime(2010, 4, 6, 0, 0), datetime.datetime(2010, 4, 7, 0, 0), datetime.datetime(2010, 4, 8, 0, 0), datetime.datetime(2010, 4, 12, 0, 0), datetime.datetime(2010, 4, 13, 0, 0), datetime.datetime(2010, 4, 14, 0, 0), datetime.datetime(2010, 4, 15, 0, 0), datetime.datetime(2010, 4, 19, 0, 0), datetime.datetime(2010, 4, 20, 0, 0), datetime.datetime(2010, 4, 21, 0, 0), datetime.datetime(2010, 4, 22, 0, 0)]","['DR-03152010', 'DR-03162010', 'DR-03172010', 'DR-03182010', 'DR-03222010', 'DR-03232010', 'DR-03242010', 'DR-03252010', 'DR-03292010', 'DR-03302010', 'DR-03312010', 'DR-04012010', 'DR-04052010', 'DR-04062010', 'DR-04072010', 'DR-04082010', 'DR-04122010', 'DR-04132010', 'DR-04142010', 'DR-04152010', 'DR-04192010', 'DR-04202010', 'DR-04212010', 'DR-04222010']","['Parlimen Kedua Belas (2008 - 2012)', 'Penggal Ketiga', 'Mesyuarat Pertama (15/03/2010 - 22/04/2010)']"
Parlimen Kedua Belas (2008 - 2012),Penggal Ketiga,Mesyuarat Kedua (07/06/2010 - 15/07/2010),"[datetime.datetime(2010, 6, 7, 0, 0), datetime.datetime(2010, 6, 8, 0, 0), datetime.datetime(2010, 6, 9, 0, 0), datetime.datetime(2010, 6, 10, 0, 0), datetime.datetime(2010, 6, 14, 0, 0), datetime.datetime(2010, 6, 15, 0, 0), datetime.datetime(2010, 6, 16, 0, 0), datetime.datetime(2010, 6, 17, 0, 0), datetime.datetime(2010, 6, 21, 0, 0), datetime.datetime(2010, 6, 22, 0, 0), datetime.datetime(2010, 6, 23, 0, 0), datetime.datetime(2010, 6, 24, 0, 0), datetime.datetime(2010, 6, 28, 0, 0), datetime.datetime(2010, 6, 29, 0, 0), datetime.datetime(2010, 6, 30, 0, 0), datetime.datetime(2010, 7, 1, 0, 0), datetime.datetime(2010, 7, 5, 0, 0), datetime.datetime(2010, 7, 6, 0, 0), datetime.datetime(2010, 7, 7, 0, 0), datetime.datetime(2010, 7, 8, 0, 0), datetime.datetime(2010, 7, 12, 0, 0), datetime.datetime(2010, 7, 13, 0, 0), datetime.datetime(2010, 7, 14, 0, 0), datetime.datetime(2010, 7, 15, 0, 0)]","['DR-06072010', 'DR-06082010', 'DR-06092010', 'DR-06102010', 'DR-06142010', 'DR-06152010', 'DR-06162010', 'DR-06172010', 'DR-06212010', 'DR-06222010', 'DR-06232010', 'DR-06242010', 'DR-06282010', 'DR-06292010', 'DR-06302010', 'DR-07012010', 'DR-07052010', 'DR-07062010', 'DR-07072010', 'DR-07082010', 'DR-07122010', 'DR-07132010', 'DR-07142010', 'DR-07152010']","['Parlimen Kedua Belas (2008 - 2012)', 'Penggal Ketiga', 'Mesyuarat Kedua (07/06/2010 - 15/07/2010)']"
Parlimen Kedua Belas (2008 - 2012),Penggal Ketiga,Mesyuarat Ketiga (11/10/2010 - 16/12/2010),"[datetime.datetime(2010, 10, 11, 0, 0), datetime.datetime(2010, 10, 12, 0, 0), datetime.datetime(2010, 10, 13, 0, 0), datetime.datetime(2010, 10, 14, 0, 0), datetime.datetime(2010, 10, 15, 0, 0), datetime.datetime(2010, 10, 18, 0, 0), datetime.datetime(2010, 10, 19, 0, 0), datetime.datetime(2010, 10, 20, 0, 0), datetime.datetime(2010, 10, 21, 0, 0), datetime.datetime(2010, 10, 25, 0, 0), datetime.datetime(2010, 10, 26, 0, 0), datetime.datetime(2010, 10, 27, 0, 0), datetime.datetime(2010, 10, 28, 0, 0), datetime.datetime(2010, 11, 1, 0, 0), datetime.datetime(2010, 11, 2, 0, 0), datetime.datetime(2010, 11, 3, 0, 0), datetime.datetime(2010, 11, 8, 0, 0), datetime.datetime(2010, 11, 9, 0, 0), datetime.datetime(2010, 11, 10, 0, 0), datetime.datetime(2010, 11, 11, 0, 0), datetime.datetime(2010, 11, 22, 0, 0), datetime.datetime(2010, 11, 23, 0, 0), datetime.datetime(2010, 11, 24, 0, 0), datetime.datetime(2010, 11, 25, 0, 0), datetime.datetime(2010, 11, 29, 0, 0), datetime.datetime(2010, 11, 30, 0, 0), datetime.datetime(2010, 12, 1, 0, 0), datetime.datetime(2010, 12, 2, 0, 0), datetime.datetime(2010, 12, 6, 0, 0), datetime.datetime(2010, 12, 8, 0, 0), datetime.datetime(2010, 12, 9, 0, 0), datetime.datetime(2010, 12, 13, 0, 0), datetime.datetime(2010, 12, 14, 0, 0), datetime.datetime(2010, 12, 15, 0, 0), datetime.datetime(2010, 12, 16, 0, 0)]","['DR-10112010', 'DR-10122010', 'DR-10132010', 'DR-10142010', 'DR-10152010', 'DR-10182010', 'DR-10192010', 'DR-10202010', 'DR-10212010', 'DR-10252010', 'DR-10262010', 'DR-10272010', 'DR-10282010', 'DR-11012010', 'DR-11022010', 'DR-11032010', 'DR-11082010', 'DR-11092010', 'DR-11102010', 'DR-11112010', 'DR-11222010', 'DR-11232010', 'DR-11242010', 'DR-11252010', 'DR-11292010', 'DR-11302010', 'DR-12012010', 'DR-12022010', 'DR-12062010', 'DR-12082010', 'DR-12092010', 'DR-12132010', 'DR-12142010', 'DR-12152010', 'DR-12162010']","['Parlimen Kedua Belas (2008 - 2012)', 'Penggal Ketiga', 'Mesyuarat Ketiga (11/10/2010 - 16/12/2010)']"
Parlimen Kedua Belas (2008 - 2012),Penggal Keempat,Mesyuarat Pertama (07/03/2011 - 07/04/2011),"[datetime.datetime(2011, 3, 7, 0, 0), datetime.datetime(2011, 3, 8, 0, 0), datetime.datetime(2011, 3, 9, 0, 0), datetime.datetime(2011, 3, 10, 0, 0), datetime.datetime(2011, 3, 15, 0, 0), datetime.datetime(2011, 3, 16, 0, 0), datetime.datetime(2011, 3, 17, 0, 0), datetime.datetime(2011, 3, 21, 0, 0), datetime.datetime(2011, 3, 22, 0, 0), datetime.datetime(2011, 3, 23, 0, 0), datetime.datetime(2011, 3, 24, 0, 0), datetime.datetime(2011, 3, 28, 0, 0), datetime.datetime(2011, 3, 29, 0, 0), datetime.datetime(2011, 3, 30, 0, 0), datetime.datetime(2011, 3, 31, 0, 0), datetime.datetime(2011, 4, 4, 0, 0), datetime.datetime(2011, 4, 5, 0, 0), datetime.datetime(2011, 4, 6, 0, 0), datetime.datetime(2011, 4, 7, 0, 0)]","['DR-03072011', 'DR-03082011', 'DR-03092011', 'DR-03102011', 'DR-03152011', 'DR-03162011', 'DR-03172011', 'DR-03212011', 'DR-03222011', 'DR-03232011', 'DR-03242011', 'DR-03282011', 'DR-03292011', 'DR-03302011', 'DR-03312011', 'DR-04042011', 'DR-04052011', 'DR-04062011', 'DR-04072011']","['Parlimen Kedua Belas (2008 - 2012)', 'Penggal Keempat', 'Mesyuarat Pertama (07/03/2011 - 07/04/2011)']"
Parlimen Kedua Belas (2008 - 2012),Penggal Keempat,Mesyuarat Kedua (13/06/2011 - 30/06/2011),"[datetime.datetime(2011, 6, 13, 0, 0), datetime.datetime(2011, 6, 14, 0, 0), datetime.datetime(2011, 6, 15, 0, 0), datetime.datetime(2011, 6, 16, 0, 0), datetime.datetime(2011, 6, 20, 0, 0), datetime.datetime(2011, 6, 21, 0, 0), datetime.datetime(2011, 6, 22, 0, 0), datetime.datetime(2011, 6, 23, 0, 0), datetime.datetime(2011, 6, 27, 0, 0), datetime.datetime(2011, 6, 28, 0, 0), datetime.datetime(2011, 6, 29, 0, 0), datetime.datetime(2011, 6, 30, 0, 0)]","['DR-06132011', 'DR-06142011', 'DR-06152011', 'DR-06162011', 'DR-06202011', 'DR-06212011', 'DR-06222011', 'DR-06232011', 'DR-06272011', 'DR-06282011', 'DR-06292011', 'DR-06302011']","['Parlimen Kedua Belas (2008 - 2012)', 'Penggal Keempat', 'Mesyuarat Kedua (13/06/2011 - 30/06/2011)']"
Parlimen Kedua Belas (2008 - 2012),Penggal Keempat,Mesyuarat Ketiga (03/10/2011 - 01/12/2011),"[datetime.datetime(2011, 10, 3, 0, 0), datetime.datetime(2011, 10, 4, 0, 0), datetime.datetime(2011, 10, 5, 0, 0), datetime.datetime(2011, 10, 6, 0, 0), datetime.datetime(2011, 10, 7, 0, 0), datetime.datetime(2011, 10, 10, 0, 0), datetime.datetime(2011, 10, 11, 0, 0), datetime.datetime(2011, 10, 12, 0, 0), datetime.datetime(2011, 10, 13, 0, 0), datetime.datetime(2011, 10, 17, 0, 0), datetime.datetime(2011, 10, 18, 0, 0), datetime.datetime(2011, 10, 19, 0, 0), datetime.datetime(2011, 10, 20, 0, 0), datetime.datetime(2011, 10, 24, 0, 0), datetime.datetime(2011, 10, 31, 0, 0), datetime.datetime(2011, 11, 1, 0, 0), datetime.datetime(2011, 11, 2, 0, 0), datetime.datetime(2011, 11, 3, 0, 0), datetime.datetime(2011, 11, 8, 0, 0), datetime.datetime(2011, 11, 9, 0, 0), datetime.datetime(2011, 11, 10, 0, 0), datetime.datetime(2011, 11, 14, 0, 0), datetime.datetime(2011, 11, 15, 0, 0), datetime.datetime(2011, 11, 16, 0, 0), datetime.datetime(2011, 11, 17, 0, 0), datetime.datetime(2011, 11, 21, 0, 0), datetime.datetime(2011, 11, 22, 0, 0), datetime.datetime(2011, 11, 23, 0, 0), datetime.datetime(2011, 11, 24, 0, 0), datetime.datetime(2011, 11, 29, 0, 0), datetime.datetime(2011, 11, 30, 0, 0), datetime.datetime(2011, 12, 1, 0, 0)]","['DR-10032011', 'DR-10042011', 'DR-10052011', 'DR-10062011', 'DR-10072011', 'DR-10102011', 'DR-10112011', 'DR-10122011', 'DR-10132011', 'DR-10172011', 'DR-10182011', 'DR-10192011', 'DR-10202011', 'DR-10242011', 'DR-10312011', 'DR-11012011', 'DR-11022011', 'DR-11032011', 'DR-11082011', 'DR-11092011', 'DR-11102011', 'DR-11142011', 'DR-11152011', 'DR-11162011', 'DR-11172011', 'DR-11212011', 'DR-11222011', 'DR-11232011', 'DR-11242011', 'DR-11292011', 'DR-11302011', 'DR-12012011']","['Parlimen Kedua Belas (2008 - 2012)', 'Penggal Keempat', 'Mesyuarat Ketiga (03/10/2011 - 01/12/2011)']"
Parlimen Kedua Belas (2008 - 2012),Penggal Kelima,Mesyuarat Pertama (12/03/2012 - 19/04/2012),"[datetime.datetime(2012, 3, 12, 0, 0), datetime.datetime(2012, 3, 13, 0, 0), datetime.datetime(2012, 3, 14, 0, 0), datetime.datetime(2012, 3, 15, 0, 0), datetime.datetime(2012, 3, 19, 0, 0), datetime.datetime(2012, 3, 20, 0, 0), datetime.datetime(2012, 3, 21, 0, 0), datetime.datetime(2012, 3, 22, 0, 0), datetime.datetime(2012, 3, 26, 0, 0), datetime.datetime(2012, 3, 27, 0, 0), datetime.datetime(2012, 3, 28, 0, 0), datetime.datetime(2012, 3, 29, 0, 0), datetime.datetime(2012, 4, 2, 0, 0), datetime.datetime(2012, 4, 3, 0, 0), datetime.datetime(2012, 4, 4, 0, 0), datetime.datetime(2012, 4, 5, 0, 0), datetime.datetime(2012, 4, 9, 0, 0), datetime.datetime(2012, 4, 10, 0, 0), datetime.datetime(2012, 4, 16, 0, 0), datetime.datetime(2012, 4, 17, 0, 0), datetime.datetime(2012, 4, 18, 0, 0), datetime.datetime(2012, 4, 19, 0, 0)]","['DR-03122012', 'DR-03132012', 'DR-03142012', 'DR-03152012', 'DR-03192012', 'DR-03202012', 'DR-03212012', 'DR-03222012', 'DR-03262012', 'DR-03272012', 'DR-03282012', 'DR-03292012', 'DR-04022012', 'DR-04032012', 'DR-04042012', 'DR-04052012', 'DR-04092012', 'DR-04102012', 'DR-04162012', 'DR-04172012', 'DR-04182012', 'DR-04192012']","['Parlimen Kedua Belas (2008 - 2012)', 'Penggal Kelima', 'Mesyuarat Pertama (12/03/2012 - 19/04/2012)']"
Parlimen Kedua Belas (2008 - 2012),Penggal Kelima,Mesyuarat Kedua (11/06/2012 - 28/06/2012),"[datetime.datetime(2012, 6, 11, 0, 0), datetime.datetime(2012, 6, 12, 0, 0), datetime.datetime(2012, 6, 13, 0, 0), datetime.datetime(2012, 6, 14, 0, 0), datetime.datetime(2012, 6, 18, 0, 0), datetime.datetime(2012, 6, 19, 0, 0), datetime.datetime(2012, 6, 20, 0, 0), datetime.datetime(2012, 6, 21, 0, 0), datetime.datetime(2012, 6, 25, 0, 0), datetime.datetime(2012, 6, 26, 0, 0), datetime.datetime(2012, 6, 27, 0, 0), datetime.datetime(2012, 6, 28, 0, 0)]","['DR-06112012', 'DR-06122012', 'DR-06132012', 'DR-06142012', 'DR-06182012', 'DR-06192012', 'DR-06202012', 'DR-06212012', 'DR-06252012', 'DR-06262012', 'DR-06272012', 'DR-06282012']","['Parlimen Kedua Belas (2008 - 2012)', 'Penggal Kelima', 'Mesyuarat Kedua (11/06/2012 - 28/06/2012)']"
Parlimen Kedua Belas (2008 - 2012),Penggal Kelima,Mesyuarat Ketiga (24/09/2012 - 29/11/2012),"[datetime.datetime(2012, 9, 24, 0, 0), datetime.datetime(2012, 9, 25, 0, 0), datetime.datetime(2012, 9, 26, 0, 0), datetime.datetime(2012, 9, 27, 0, 0), datetime.datetime(2012, 9, 28, 0, 0), datetime.datetime(2012, 10, 1, 0, 0), datetime.datetime(2012, 10, 2, 0, 0), datetime.datetime(2012, 10, 3, 0, 0), datetime.datetime(2012, 10, 4, 0, 0), datetime.datetime(2012, 10, 8, 0, 0), datetime.datetime(2012, 10, 9, 0, 0), datetime.datetime(2012, 10, 10, 0, 0), datetime.datetime(2012, 10, 11, 0, 0), datetime.datetime(2012, 10, 15, 0, 0), datetime.datetime(2012, 10, 16, 0, 0), datetime.datetime(2012, 10, 17, 0, 0), datetime.datetime(2012, 10, 18, 0, 0), datetime.datetime(2012, 10, 22, 0, 0), datetime.datetime(2012, 10, 23, 0, 0), datetime.datetime(2012, 10, 24, 0, 0), datetime.datetime(2012, 10, 29, 0, 0), datetime.datetime(2012, 10, 30, 0, 0), datetime.datetime(2012, 10, 31, 0, 0), datetime.datetime(2012, 11, 1, 0, 0), datetime.datetime(2012, 11, 5, 0, 0), datetime.datetime(2012, 11, 6, 0, 0), datetime.datetime(2012, 11, 7, 0, 0), datetime.datetime(2012, 11, 8, 0, 0), datetime.datetime(2012, 11, 19, 0, 0), datetime.datetime(2012, 11, 20, 0, 0), datetime.datetime(2012, 11, 21, 0, 0), datetime.datetime(2012, 11, 22, 0, 0), datetime.datetime(2012, 11, 26, 0, 0), datetime.datetime(2012, 11, 27, 0, 0), datetime.datetime(2012, 11, 28, 0, 0), datetime.datetime(2012, 11, 29, 0, 0)]","['DR-09242012', 'DR-09252012', 'DR-09262012', 'DR-09272012', 'DR-09282012', 'DR-10012012', 'DR-10022012', 'DR-10032012', 'DR-10042012', 'DR-10082012', 'DR-10092012', 'DR-10102012', 'DR-10112012', 'DR-10152012', 'DR-10162012', 'DR-10172012', 'DR-10182012', 'DR-10222012', 'DR-10232012', 'DR-10242012', 'DR-10292012', 'DR-10302012', 'DR-10312012', 'DR-11012012', 'DR-11052012', 'DR-11062012', 'DR-11072012', 'DR-11082012', 'DR-11192012', 'DR-11202012', 'DR-11212012', 'DR-11222012', 'DR-11262012', 'DR-11272012', 'DR-11282012', 'DR-11292012']","['Parlimen Kedua Belas (2008 - 2012)', 'Penggal Kelima', 'Mesyuarat Ketiga (24/09/2012 - 29/11/2012)']"
